userId,userName
1,Daniel
2,RS
3,Tara
4,Chelsea
5,Dee
6,Hector
7,Curt
8,michelle
9,Nate
10,Amanda
11,Julie
12,Ken
13,Connie
14,MB
15,Sarah
16,Emily
17,Anita
18,Joe
19,KentuckyRob
20,Pam
21,Kevin
22,Molly
23,Mike
24,Stacy
25,Steven
26,L. Johnson
27,Pamela
28,Dottie
29,Betty
30,Jenny
31,Kyle
32,Grace
33,SR
34,brian
35,Lin
36,Amazonian
37,K
38,Sandy
39,chris
40,Teresa
41,Maryellen
42,Lee
43,Consumer
44,SC
45,Panda Bear
46,Chris
47,kim
48,Jessica
49,Bill
50,Richard
51,Christina
52,Lori
53,Bella
54,mark
55,Laura
56,K.K.
57,kb
58,Colleen
59,Carolyn
60,Jill
61,Amy
62,Gary
63,Cindy
64,anonymous
65,Kristin
66,Marcia
67,Judy
68,Kristina
69,AH
70,Cheryl
71,GiGi
72,Terri
73,Susan
74,Vickie
75,Jeff
76,S. Smith
77,Joy
78,Mel
79,none
80,Angie
81,Rob
82,ShortStuff
83,Rebecca
84,Stephanie
85,MC
86,Jimbo
87,Rambo
88,Jacob
89,HK
90,Kate
91,Mark
92,tony
93,Brittany
94,Mary
95,Alyssa
96,Megan
97,Bryan
98,Deborah
99,Kari
100,KatLedbetter
101,DR
102,Elizabeth
103,Allen
104,Sunshine
105,Rachel
106,LP
107,April
108,sue
109,Renee
110,Anonymous
111,Scott
112,Lindsay
113,Ryan
114,Suzanne
115,Don D
116,Paul
117,Ed
118,Michelle
119,DJ
120,jen
121,Angela
122,David
123,A. Davis
124,Christine
125,Lily
126,Dave
127,Marilyn
128,Bee
129,Denise
130,JC
131,Nicolas Coplin
132,Katie
133,Shane
134,Matt
135,Nana
136,Catherine
137,Roger
138,Summer
139,Ingrid
140,Jennifer
141,A
142,Jerry
143,DG
144,LD
145,Lisa
146,RH
147,SH
148,melissa
149,JANA
150,Tracy
151,Michele
152,Cassie
153,Rose
154,heather
155,Ashley
156,Anna
157,cheryl
158,Brandy
159,Candace
160,escar
161,MT
162,Erin
163,Robert H.
164,Eric
165,Customer
166,Patricia
167,Jean
168,CLB in Syracuse
169,Sabrina
170,Anthony
171,Kindle Customer
172,KC
173,Irene
174,Stacey
175,Rod
176,andhopf
177,Rich
178,Darlene
179,Francisco
180,Boo
181,Bob
182,Sherry
183,Zootal
184,AB
185,T
186,John M
187,Rhonda
188,Rick
189,Danielle
190,ML
191,Kathy
192,M
193,TJ
194,Mimi
195,liz
196,susan
197,KG
198,Agent Cooper
199,Vickie K.
200,Sean
201,Jodi
202,Michael B
203,Morgan
204,JHB
205,ed
206,Emma
207,Bo
208,C
209,tom
210,shopper
211,Don
212,Ivan Perry &amp;#34;Computer Dude&amp;#34;
213,Vickies Place
214,Robert
215,Tiffany
216,sarah
217,James
218,Aaron
219,Melanie
220,Cristina
221,D
222,Steve
223,Rafael
224,Kort
225,Nathan
226,Sara
227,Laurie
228,William
229,Happy Camper
230,Nena
231,LC
232,AF
233,Haley
234,Sandra
235,Becca
236,Kelly
237,Phoenix
238,the old lady who lived in a shoe
239,Nina
240,Frances
241,CR
242,JT
243,alex
244,Heather
245,Cindi
246,Jeremy
247,sunshine
248,Becky Huber
249,MZD2U
250,Ursan
251,Dogs &amp; Horses 
252,Ali
253,JG
254,customer
255,Amber
256,Brian
257,Tony
258,Kelsey
259,Leslie
260,Olivia
261,Jason
262,Mary Ann
263,Carol
264,Trisha
265,Michael
266,Steph
267,Reader
268,Jess
269,Brandi
270,Jesse
271,Anon
272,Kimberly
273,Austin
274,Justmetwo
275,Taylor
276,Jamie C.
277,Jeanne
278,AK
279,JB
280,sara
281,Courtney
282,Me
283,Jimmy
284,Fran
285,Jada
286,JP
287,Victor
288,Justin
289,Lizzy
290,Crystal
291,AussiegirlIngrid
292,Rachael
293,Lauren
294,shopall the time onamazon
295,Tina
296,T.S.Gibson
297,Elena
298,Astrit
299,Hunter
300,Brent
301,Natalie
302,Lindsey
303,JM
304,LG
305,Terry
306,mw
307,SW
308,Sue
309,Trace
310,Shopper
311,AmazonCustomer
312,wilma wan
313,abc
314,kathy
315,Jen
316,Doc
317,E&amp;E0715
318,BB
319,Stacia Lynn
320,Annie
321,Kathleen
322,Rosie
323,Mandy
324,JJ
325,rebecca
326,Kim
327,Karen
328,Jacqueline
329,Joseph
330,Mitchell
331,Shell
332,Barbara
333,Ellen
334,Jay
335,Eugene
336,Tabby
337,Debi
338,Carla
339,Mike F.
340,Maia
341,Alison
342,Jack
343,Leo
344,Robert J.
345,Mindy
346,Debbie
347,Tom
348,Sharon1928
349,Caroline
350,cj
351,John Doe
352,Beth
353,TB
354,John
355,BR
356,Cat Lady
357,Sam
358,JD
359,DP
360,Jorge
361,Shirley
362,JR
363,Roxy
364,Rain
365,E
366,Pat
367,Edward
368,AG
369,MG
370,rick
371,AW
372,Maureen
373,Michael Borges
374,Raven
375,Michael M.
376,J. R. Smith
377,jeff
378,Kandi Anne Brewer
379,wayne 336
380,Chuck
381,Lilly
382,RG
383,Heidi
384,Blake
385,CC
386,Linda
387,Josh
388,Jackie
389,Reviewer
390,Hannah
391,RJ
392,Andrew
393,Daisy
394,Jim
395,Michelle C.
396,Diana
397,B
398,Tess
399,Eileen Moore
400,Valerie
401,Danny
402,George
403,KR
404,Happy
405,michael
406,Misty
407,mike
408,Tim
409,matthew
410,Aly
411,KP
412,MM
413,C. Wilson
414,Buyer
415,Alex F
416,Bridget
417,Val
418,Nicole
419,J
420,Jamie
421,Nan
422,Luis
423,Jane
424,Missy
425,Shannon
426,big pappa
427,Kristen
428,Jeffrey L.
429,Larry
430,Amazon lover
431,Lulu
432,Deb T
433,Darren
434,rachel
435,Nick
436,Abby
437,Cookie
438,Vivian
439,KW
440,Rita
441,Wayne
442,Mari
443,KD
444,Alicia
445,Christopher
446,Cara
447,Mark L.
448,DC
449,Penny
450,Liz
451,LS
452,N
453,KS
454,mary
455,Donna B.
456,laura
457,Sierra
458,Stephen
459,The Southern Review
460,Logan
461,FatChupacabras
462,JMS
463,Jenn
464,anthony
465,nina
466,Donna
467,AS
468,Jan
469,Melissa
470,Meg
471,kdb
472,RC
473,L
474,bob
475,Carrie
476,RDB
477,Nikki
478,Joanna
479,TG
480,toni
481,Susie
482,LH
483,Ginger
484,Amazon shopper
485,tim
486,Louise
487,Wendi
488,Bailey
489,AC
490,Gavin
491,anon
492,Ron
493,JH
494,Oni
495,Jim S
496,Annette
497,LJ
498,Cathy
499,Brenda
500,KB
501,Cynthia
502,Julia
503,DS
504,Dana
505,Kat
506,lisa
507,robert
508,JESSE
509,Monica
510,Gloria
511,Ann
512,Phil
513,Sheila
514,Wendy
515,J.D.
516,hr
517,Dean
518,Kelli
519,judy
520,jennifer
521,lynn
522,Dennis
523,Charles
524,Pen Name
525,Tropical Breeze
526,Andy
527,CB
528,Marissa
529,Lou
530,Jade
531,Bookworm
532,CJ
533,Shopaholic
534,R
535,Jules
536,Keith
537,Dena
538,Kris
539,Lucy
540,BP
541,Phyllis
542,rabidreader
543,kay
544,Peter
545,Billy
546,SoCalEP
547,Ginny
548,StarChild
549,Evelyn
550,Candy
551,Zachary
552,Marie
553,Concerned Consumer
554,S
555,Jordan
556,RB
557,Greg
558,Mark Williams
559,Dione Harbour
560,Amazon customer
561,Maggie
562,Dan
563,Scott A
564,Carlos
565,Christy
566,Jody
567,Brad
568,Erica
569,Kathryn
570,Trish
571,steve
572,Debra
573,Patty
574,Happy Shopper
575,Sammy
576,martin
577,Fred
578,Shelby
579,John B.
580,Virginia
581,Derek
582,Myra
583,Travis
584,Deanna
585,H. Mera
586,SM
587,Becky
588,AJ
589,DK
590,Tammy
591,Vee
592,Bear
593,Alex
594,"Oliver DeMille, TJEd"
595,Philip
596,Alexis
597,Traveler
598,Mary H.
599,.
600,DreamyOne
601,Peggy
602,BC
603,acharya
604,Jojo
605,Shelley
606,Mary H
607,Grant
608,Al
609,A.
610,MJ
611,Deb Mondloch
612,Connie (She who hikes with dogs)
613,R B
614,Ben
615,Sammy Bunton
616,Alyce
617,Johnny
618,Gina
619,M. Lloyd
620,Alice
621,Dianne
622,Beverly
623,JS
624,Slick
625,B. Smith
626,john glassey
627,Alejandra R. Shane
628,Joan
629,G.M.
630,AP
631,Robin
632,Ricky
633,Lizzie
634,Alexandra
635,Lindy
636,kim marchbanks
637,Toni
638,jack
639,GB
640,Alan
641,Bruce
642,CS
643,Kenneth W.
644,Jerome Bryant
645,Matthew
646,R. Smith
647,MK
648,Dawn
649,Nichole
650,jb
651,MD
652,MS
653,Lorraine
654,IslandSandy
655,KT
656,Diane
657,Jeff Wignall
658,Honest Reviewer
659,Bonnie
660,Ray
661,Gail
662,Faith
663,Tyler
664,Eddie
665,Just An Average Person...
666,Barb
667,Fuzu
668,Charlene
669,Butch
670,matt
671,Suzette Brown
672,Jessie
673,Lynn
674,Maria
675,Holly
676,Ero
677,J. Smith
678,AL
679,Brock &amp; Jess
680,CD
681,Bren
682,SK
683,Jo
684,GH
685,Blue
686,JK
687,Richard V.
688,PWP
689,amanda
690,Avid Reader
691,Kitty
692,Zoe
693,LB
694,Brandon
695,megan
696,Trouble
697,Pete
698,Patrick
699,Tryka
700,TC
701,Marlene
702,Sean L
703,FK
704,Bev
705,Steph Pitchford
706,Diane G.
707,Todd
708,LT
709,Donna S.
710,Becky Thomas
711,Peg
712,Luna
713,Dale
714,Zach
715,Sharon
716,Katherine
717,Doug
718,Antigone Walsh
719,Andrea
720,Hammercl
721,Corey
722,Jon
723,BG
724,Jose
725,W. bowman
726,Janet
727,Charlotte
728,Ally
729,David S.
730,Queen of Thrones
731,sean
732,linda
733,Dustin
734, KT
735,Earth Spirits
736,LK
737,BBY
738,Cat
739,G
740,TM
741,Deb
742,Michelle M.
743,Jared
744,J.
745,Avid reader
746,Destiny
747,Ian
748,CM
749,Kara
750,BJ
751,jj
752,Tee
753,Max
754,Ted
755,sam
756,jackie
757,Butterfly
758,Chad
759,Ivy
760,Holly Lennis
761,Mom of 2
762,DB
763,Paula
764,Ash
765,Drew
766,Casey
767,Richie
768,Eileen
769,Natalia
770,S. Johnson
771,Happy Customer
772,Charlie
773,Michael L.
774,Jason W.
775,CK
776,Jen N.
777,Sparky
778,Shawn
779,Dixie
780,LegoGirl
781,JW
782,R. C. Dickey
783,Theresa
784,Lena
785,Samantha
786,Dan K.
787,Savage Mommy of Two
788,PJ
789,mildred myers
790,Love Amazon
791,John P.
792,me
793,lisa Bellinger
794,Farmer
795,Vinny
796,Maddie
797,Godwins in Kuwait
798,RM
799,Oregonians
800,Kirsten Taylor
801,amy
802,Sadie
803,Sarah B.
804,Frank
805,H
806,PJDSR
807,Lyn
808,deb
809,Gil
810,Azul
811,Jessie Buster
812,R. Miller
813,BK
814,SB
815,Timothy W. Hewitt
816,CL
817,MR
818,Lynda
819,Hannahrain
820,DW
821,Smart Shopper
822,Smart4
823,AMG
824,Dafeng
825,Lanny Taylor
826,D.
827,Suzie
828,Vincent
829,Doris
830,SG
831,sailor
832,Glenn
833,Brooke
834,Thomas
835,Craig
836,Leigh
837,Janice
838,Robert B.
839,Jake
840,Christina Eno
841,Charles R.
842,Landru
843,Bobbie
844,K.C.
845,tina
846,Joshua
847,Ale
848,Kenny
849,New Orleans South Florida
850,Carl
851,Evan
852,Pearl
853,Babs
854,HL
855,Jonathan
856,Marty
857,Michael C.
858,John G
859,Carter
860,JAH
861,RL
862,Will
863,David B
864,tiabmaps
865,john
866,Hayley
867,Ethan Bennett
868,Masher41
869,sporting road
870,Mitch
871,Bookwyrm
872,Luke
873,Vicki
874,Christie
875,joe
876,Margaret
877,keith
878,AW82
879,Allison
880,jim
881,Adam
882,HC
883,david
884,PB
885,Cam
886,Victoria
887,Patti
888,Ronald
889,M. Kelly
890,KJ
891,A Reader
892,Tanya
893,Nancy
894,Ruth
895,Jennifer R
896,TL
897,Jeffrey
898,katie
899,Cassandra
900,Colin
901,Anne
902,JAC
903,Rocco
904,Ram  Stanger
905,Russ
906,OAH
907,nick
908,DONNA
909,Z
910,Richard calderon
911,scott
912,Mar
913,Julie G.
914,sandy
915,Roy
916,Damon C.M. Smith
917,Just Me
918,Joanne
919,AaronDR
920,KM
921,Zampcaster
922,Benjamin
923,Claire
924,Amazon Shopper
925,PC
926,Mark Twain
927,Cavina2
928,James R.
929,Oscar
930,Dane
931,Hope
932,Robyn
933,Alisha
934,Theodore
935,Vanessa
936,Marc
937,Kayla
938,Ollie
939,C.
940,Elaine
941,Cher
942,nmart
943,Mom
944,Shay
945,wendy
946,Jennifer Duknic
947,NAME_NOT_RETURNED
948,carolp
949,CMJ
950,Alex P.
951,Kay
952,consumer
953,E. Lee
954,Paige
955,rose
956,Mark S.
957,Julio
958,Adrienne
959,JCJ
960,Kristin Duke
961,Bishop
962,Serwa Groves
963,AHans
964,John H.
965,Randy
966,Dani
967,Shelly
968,Leanne
969,TK
970,G. Chow
971,ms
972,Christina Michelle
973,benny
974,Leah
975,Tabitha
976,Len
977,Mia
978,acanal
979,DONE
980,Amanda Cope
981,G. Hearn
982,C. Smith
983,nancy
984,Elizabeth B.
985,Jeremy Barrett
986,Teri
987,Charles Harris
988,Jassu
989,GG
990,angela
991,Krista
992,Rabid Reader
993,dogmom
994,kyle
995,Katrina
996,Gigi
997,Seth
998,KBT
999,NC
1000,Stacy H.
1001,Robster
1002,Bobby
1003,Mac Price
1004,Lisa Burns
1005,darla
1006,TW
1007,Eric C.
1008,Chrissy
1009,Veronica
1010,paul
1011,josh
1012,Rebekah
1013,Lynne
1014,Eva
1015,Gin
1016,cc
1017,Harold
1018,Henry
1019,Elle
1020,Angel
1021,Andrea M
1022,Nicholas
1023,steven
1024,bill
1025,Florencia M.
1026,Kitena Suttles
1027,LA
1028,Billie
1029,Helen
1030,TS
1031,Linda E.
1032,Garrett
1033,Felicia
1034,John M.
1035,Kasey
1036,Anony Mouse
1037,j
1038,Candice
1039,KRG
1040,julie
1041,Meagan
1042,Grma N.
1043,Timothy
1044,Harry
1045,Sianna
1046,Hermanly
1047,Charles Ingram
1048,Allie
1049,Victoria Kelley
1050,Raymond Mendez Jr
1051,stephanie
1052,Joyce
1053,Lara
1054,Martin
1055,Kirby
1056,Tom Broadbent
1057,John C.
1058,J.C.
1059,DD
1060,KK
1061,abbie
1062,Alex R.
1063,Tami
1064,Kelly J. Rickman
1065,Satisfied Customer
1066,Alli
1067,DA
1068,HENRY R.
1069,Scintilla
1070,P
1071,Rocky
1072,Schomaker Family
1073,kevin
1074,barbara
1075,Jason B.
1076,R. H.
1077,Ace
1078,E. Constable
1079,Janet 
1080,Chloe
1081,Symbols Of Love
1082,rob
1083,BeanCounter2002
1084,Morgen W.
1085,J. Wang
1086,S. Martin
1087,Linda B
1088,Cathleen Bennett
1089,Ellie
1090,Bobby P.
1091,LM
1092,florence
1093,Joey
1094,Tommy
1095,Marta
1096,Barry
1097,Jay J
1098,DM
1099,Judie Gilmore
1100,Mario
1101,Sally
1102,Chip Lohman
1103,Rae
1104,AA
1105,HR
1106,Safire
1107,Wanda
1108,CLM
1109,Coco
1110,LL
1111,amazonuser
1112,Popeye
1113,Sonia
1114,S.D.Young
1115,Ang
1116,Lori P.
1117,Tessa
1118,MJM
1119,Vic
1120,Homestead maker
1121,Mema
1122,Mary S 3
1123,Kristi
1124,Suzy Q
1125,SBgal
1126,John W.
1127,Amzn customer
1128,RK
1129,Jean G
1130,Sharron
1131,Lakshmi Katikala
1132,dp
1133,Angela Dawn
1134,Em777
1135,David W.
1136,jerry
1137,Jp
1138,Sunny
1139,K.
1140,T. Sassano-Reid
1141,Jl
1142,Scooter
1143,anne sue
1144,Amy Ellis
1145,D.T.Kellogg
1146,Ruth Smith
1147,Lei R.
1148,Edward Sell
1149,I buy to much stuff!
1150,Richard Peterson
1151,Maryann
1152,Gwen
1153,Aquarius
1154,Mac
1155,elmos
1156,marie terrell
1157,Becker
1158,Mouse
1159,Joel
1160,Jimbo&#039;s Account
1161,nly2k
1162,Willard
1163,Lawrence
1164,mercedes
1165,Willow
1166,loves to bake
1167,Nancy Gray
1168,ctjl
1169,Doodlebug
1170,Barbara Derby
1171,carol
1172,R Lofton
1173,Daved Daly
1174,Keith Smith
1175,Kellie&#039;s A.
1176,J M
1177,no name
1178,Marge
1179,3Gr8KidsDad
1180,Sjo
1181,Erika
1182,CW
1183,DianeMarie
1184,Wendy F.
1185,Kris Malfroid
1186,Christian
1187,d
1188,Amy H.
1189,Lee Ann Hunsinger
1190,Christina lund
1191,william
1192,Ronald Shortt
1193,Brian marker
1194,Brad80
1195,Ltrbmpd
1196,Alessandra G.
1197,Troy
1198,StoneHenge
1199,Rosa
1200,SIZE.4
1201,Gerald A Saddler
1202,MASTER REVIEWER
1203,marie
1204,Nettie
1205,V. K. Morris
1206,Dark
1207,Aspiring Artist and Designer
1208,Madison
1209,Ada Galvez
1210,Catie
1211,saf4amazon
1212,Marge S
1213,N. A. M.
1214,BoxerDogMom
1215,Daniel T Fehrer
1216,renae m.
1217,maph77
1218,D. S.
1219,Tom T
1220,Alyse
1221,Pixie
1222,Robin L.
1223,A. Blackburn
1224,Kathy Kase
1225,Diane Cosentino
1226,Rodney
1227,Nickro
1228,SL
1229,Axel Crowley
1230,Tracy A
1231,Raymond B.
1232,aileen laing
1233,J. Francis
1234,Anthony Viscomi
1235,Danae Baldwin
1236,Maprej
1237,Vulcor
1238,Noah Baldiviezo
1239,Digital 1 Technology
1240,C. Taylor
1241,Farzan
1242,James Ruland
1243,Ginny Talbot
1244,jason mariani
1245,Kim Clark
1246,Vicki Puls
1247,Alejandro Moreno
1248,Kurt
1249,Evangelos Iatridis
1250,Helen 
1251,FelineFriendly
1252,Hawkeyefanjustin
1253,lagasmd
1254,OUSoonerState
1255,FRANKIE KARLOFF
1256,Ashley Carranza
1257,Watson
1258,FishingFanatic
1259,Rupert T
1260,C. Emerick
1261,Melanie Root
1262,lina chen
1263,Mikhail Chernoguz
1264,Ticke
1265,Dick O&#039;Brien 
1266,CindyVazquez
1267,tereasa
1268,Lee Shand
1269,JDuB
1270,Kathleen E. Little
1271,Andrew E. McClain
1272,DJH
1273,dennis may
1274,michael n cervellino III
1275,Demi Folks
1276,channing
1277,vanessa07v
1278,DAMorrow
1279,B. Stroud
1280,JAARS INC
1281,Kim young
1282,On Account of Us
1283,Paul Wilkins
1284,Jimmy J.
1285,R. Gordon
1286,LESTER REID
1287,Dr N W Chism
1288,JOYCE DISIPIO
1289,JRodriguez
1290,Janice Velasquez Morga
1291,Janet Ward
1292,chapulin-1
1293,Bill Brown
1294,mic
1295,Wendy A.
1296,ALLAN J BOBOR
1297,alkobaby2006
1298,Kenneth R. Blevins
1299,sick1166
1300,RICHARD LANDIS KREIDER
1301,Vicky Alred
1302,DatPixieGirl
1303,Cadd
1304,Dickki
1305,mandimai
1306,cavaliersam
1307,Rafael Vsquez
1308,Rokair
